{"name":"New","dates":["02-02-2022_13:53:40"],"durees":[47.74698],"pouls":[102.80457967789698],"directionCamera":[{"1":3,"2":1,"3":1,"4":0,"5":2,"6":0,"7":2,"8":0}],"strategieEvitement":[{"1":0,"2":0,"3":0}],"strategiePlacement":[{"1":1,"2":0,"3":1,"4":0,"5":3,"6":3,"7":0,"8":0,"9":1}]}