{"cameraMode":{"drawMode":0,"name":"Shaded","section":"Shading Mode"},"sceneLighting":true,"audioPlay":false,"sceneViewState":{"m_AlwaysRefresh":false,"showFog":true,"showSkybox":true,"showFlares":true,"showImageEffects":true,"showParticleSystems":true,"showVisualEffectGraphs":true,"m_FxEnabled":true},"in2DMode":false,"pivot":{"x":-34.81675338745117,"y":-57.388092041015628,"z":545.0714721679688},"rotation":{"x":-0.14078722894191743,"y":0.027319159358739854,"z":-0.003883923636749387,"w":-0.9896666407585144},"size":349.7324523925781,"orthographic":false}