{"cameraMode":{"drawMode":0,"name":"Shaded","section":"Shading Mode"},"sceneLighting":true,"audioPlay":false,"sceneViewState":{"m_AlwaysRefresh":false,"showFog":true,"showSkybox":true,"showFlares":true,"showImageEffects":true,"showParticleSystems":true,"showVisualEffectGraphs":true,"m_FxEnabled":true},"in2DMode":false,"pivot":{"x":0.563021183013916,"y":5.714729309082031,"z":2.5996837615966799},"rotation":{"x":-0.03180413320660591,"y":0.005094801541417837,"z":-0.0001624101132620126,"w":-0.9994825720787048},"size":9.879114151000977,"orthographic":false}